taxon	sequenceID	species	association	lineage	full_name	isolate	sampled_host_sci_name	pubmed_id
alignment/AL_DependoA/member/ncbi-refseqs/AF028704	AF028704	AAV6	Rutledge et al	DependoA	Adeno-associated virus - 6	-	-	9420229
alignment/AL_DependoA/member/ncbi-refseqs/AX753250	AX753250	AAV9	UNIVERSITY OF PENNSYLVANIA	DependoA	Adeno-associated virus 9	-	-	-
alignment/AL_DependoA/member/ncbi-refseqs/AY631965	AY631965	AAV10	Mori et al	DependoA	adeno-associated virus 10	-	-	15567432
alignment/AL_DependoA/member/ncbi-refseqs/AY631966	AY631966	AAV11	Mori et al	DependoA	Adeno-associated virus 11	-	-	15567432
alignment/AL_DependoA/member/ncbi-nuccore-aav/AY695376	AY695376	-	Chen et al	DependoA	Adeno-associated virus	hu.S17	Homo sapiens	16282478
alignment/AL_DependoA/member/ncbi-refseqs/DQ813647	DQ813647	AAV12	Schmidt et al	DependoA	Adeno-associated virus 12	-	-	18045941
alignment/AL_DependoA/member/ncbi-nuccore-aav/EU285562	EU285562	-	Schmidt et al	DependoA	Adeno-associated virus 13	-	-	18524816
alignment/AL_DependoA/member/ncbi-nuccore-aav/JA062743	JA062743	-	UNIVERSITY OF PENNSYLVANIA	DependoA	Adeno-associated virus	-	-	-
alignment/AL_DependoA/member/ncbi-nuccore-aav/JA062747	JA062747	-	UNIVERSITY OF PENNSYLVANIA	DependoA	Adeno-associated virus	-	-	-
alignment/AL_DependoA/member/ncbi-nuccore-aav/JA062749	JA062749	-	UNIVERSITY OF PENNSYLVANIA	DependoA	Adeno-associated virus	-	-	-
alignment/AL_DependoA/member/ncbi-nuccore-aav/JA062750	JA062750	-	UNIVERSITY OF PENNSYLVANIA	DependoA	Adeno-associated virus	-	-	-
alignment/AL_DependoA/member/ncbi-nuccore-aav/JA062751	JA062751	-	UNIVERSITY OF PENNSYLVANIA	DependoA	Adeno-associated virus	-	-	-
alignment/AL_DependoA/member/ncbi-nuccore-aav/JA231994	JA231994	-	UNIVERSITY OF PENNSYLVANIA	DependoA	Adeno-associated virus	-	-	-
alignment/AL_DependoA/member/ncbi-nuccore-aav/JA231998	JA231998	-	UNIVERSITY OF PENNSYLVANIA	DependoA	Adeno-associated virus	-	-	-
alignment/AL_DependoA/member/ncbi-nuccore-aav/JA232000	JA232000	-	UNIVERSITY OF PENNSYLVANIA	DependoA	Adeno-associated virus	-	-	-
alignment/AL_DependoA/member/ncbi-nuccore-aav/JA232001	JA232001	-	UNIVERSITY OF PENNSYLVANIA	DependoA	Adeno-associated virus	-	-	-
alignment/AL_DependoA/member/ncbi-nuccore-aav/JA232002	JA232002	-	UNIVERSITY OF PENNSYLVANIA	DependoA	Adeno-associated virus	-	-	-
alignment/AL_DependoA/member/ncbi-nuccore-aav/JA232230	JA232230	-	UNIVERSITY OF PENNSYLVANIA	DependoA	Adeno-associated virus	-	-	-
alignment/AL_DependoA/member/ncbi-nuccore-aav/JA232234	JA232234	-	UNIVERSITY OF PENNSYLVANIA	DependoA	Adeno-associated virus	-	-	-
alignment/AL_DependoA/member/ncbi-nuccore-aav/JA232236	JA232236	-	UNIVERSITY OF PENNSYLVANIA	DependoA	Adeno-associated virus	-	-	-
alignment/AL_DependoA/member/ncbi-nuccore-aav/JA232237	JA232237	-	UNIVERSITY OF PENNSYLVANIA	DependoA	Adeno-associated virus	-	-	-
alignment/AL_DependoA/member/ncbi-nuccore-aav/JA232238	JA232238	-	UNIVERSITY OF PENNSYLVANIA	DependoA	Adeno-associated virus	-	-	-
alignment/AL_DependoA/member/ncbi-nuccore-aav/JA400280	JA400280	-	UNIVERSITY OF PENNSYLVANIA	DependoA	Adeno-associated virus	-	-	-
alignment/AL_DependoA/member/ncbi-nuccore-aav/JA400284	JA400284	-	UNIVERSITY OF PENNSYLVANIA	DependoA	Adeno-associated virus	-	-	-
alignment/AL_DependoA/member/ncbi-nuccore-aav/JA400286	JA400286	-	UNIVERSITY OF PENNSYLVANIA	DependoA	Adeno-associated virus	-	-	-
alignment/AL_DependoA/member/ncbi-nuccore-aav/JA400287	JA400287	-	UNIVERSITY OF PENNSYLVANIA	DependoA	Adeno-associated virus	-	-	-
alignment/AL_DependoA/member/ncbi-nuccore-aav/JA400288	JA400288	-	UNIVERSITY OF PENNSYLVANIA	DependoA	Adeno-associated virus	-	-	-
alignment/AL_DependoA/member/ncbi-nuccore-aav/JB292191	JB292191	-	UNIV NORTH CAROLINA	DependoA	Adeno-associated virus 13	-	-	-
alignment/AL_DependoA/member/ncbi-nuccore-aav/JD011822	JD011822	-	CHILDREN'S HOSPITAL INC	DependoA	Adeno-associated virus	-	-	-
alignment/AL_DependoA/member/ncbi-nuccore-aav/LF643462	LF643462	-	RESEARCH INSTITUTE AT NATIONWIDE CHILDREN'S HOSPITAL	DependoA	Adeno-associated virus	-	-	-
alignment/AL_DependoA/member/ncbi-nuccore-aav/LG168865	LG168865	-	RESEARCH INSTITUTE AT NATIONWIDE CHILDREN'S HOSPITAL	DependoA	Adeno-associated virus	-	-	-
alignment/AL_DependoA/member/ncbi-nuccore-aav/LP899424	LP899424	-	CHILDREN'S HOSPITAL INC	DependoA	Adeno-associated virus	-	-	-
alignment/AL_DependoA/member/ncbi-nuccore-aav/LQ220010	LQ220010	-	CHILDREN'S HOSPITAL INC	DependoA	Adeno-associated virus	-	-	-
alignment/AL_DependoA/member/ncbi-nuccore-aav/LQ870114	LQ870114	-	VOYAGER	DependoA	Adeno-associated virus	-	-	-
alignment/AL_DependoA/member/ncbi-nuccore-aav/LQ870148	LQ870148	-	LQ870498	DependoA	Adeno-associated virus	-	-	-
alignment/AL_DependoA/member/ncbi-nuccore-aav/LQ870154	LQ870154	-	VOYAGER	DependoA	Adeno-associated virus	-	-	-
alignment/AL_DependoA/member/ncbi-nuccore-aav/LQ870160	LQ870160	-	VOYAGER	DependoA	Adeno-associated virus	-	-	-
alignment/AL_DependoA/member/ncbi-nuccore-aav/LQ870162	LQ870162	-	VOYAGER	DependoA	Adeno-associated virus	-	-	-
alignment/AL_DependoA/member/ncbi-nuccore-aav/LQ870164	LQ870164	-	VOYAGER	DependoA	Adeno-associated virus	-	-	-
alignment/AL_DependoA/member/ncbi-nuccore-aav/LQ870166	LQ870166	-	VOYAGER	DependoA	Adeno-associated virus	-	-	-
alignment/AL_DependoA/member/ncbi-nuccore-aav/LQ870172	LQ870172	-	VOYAGER	DependoA	Adeno-associated virus	-	-	-
alignment/AL_DependoA/member/ncbi-nuccore-aav/LQ870174	LQ870174	-	VOYAGER	DependoA	Adeno-associated virus	-	-	-
alignment/AL_DependoA/member/ncbi-nuccore-aav/LQ870215	LQ870215	-	VOYAGER	DependoA	Adeno-associated virus	-	-	-
alignment/AL_DependoA/member/ncbi-nuccore-aav/LQ870217	LQ870217	-	VOYAGER	DependoA	Adeno-associated virus	-	-	-
alignment/AL_DependoA/member/ncbi-nuccore-aav/LQ870219	LQ870219	-	VOYAGER	DependoA	Adeno-associated virus	-	-	-
alignment/AL_DependoA/member/ncbi-nuccore-aav/LQ870221	LQ870221	-	VOYAGER	DependoA	Adeno-associated virus	-	-	-
alignment/AL_DependoA/member/ncbi-nuccore-aav/LQ870247	LQ870247	-	VOYAGER	DependoA	Adeno-associated virus	-	-	-
alignment/AL_DependoA/member/ncbi-nuccore-aav/LQ870278	LQ870278	-	VOYAGER	DependoA	Adeno-associated virus	-	-	-
alignment/AL_DependoA/member/ncbi-nuccore-aav/LQ870378	LQ870378	-	VOYAGER	DependoA	Adeno-associated virus	-	-	-
alignment/AL_DependoA/member/ncbi-nuccore-aav/LQ870380	LQ870380	-	VOYAGER	DependoA	Adeno-associated virus	-	-	-
alignment/AL_DependoA/member/ncbi-nuccore-aav/LQ870393	LQ870393	-	VOYAGER	DependoA	Adeno-associated virus	-	-	-
alignment/AL_DependoA/member/ncbi-nuccore-aav/LQ870395	LQ870395	-	VOYAGER	DependoA	Adeno-associated virus	-	-	-
alignment/AL_DependoA/member/ncbi-nuccore-aav/LQ870476	LQ870476	-	VOYAGER	DependoA	Adeno-associated virus	-	-	-
alignment/AL_DependoA/member/ncbi-nuccore-aav/LQ870485	LQ870485	-	VOYAGER	DependoA	Adeno-associated virus	-	-	-
alignment/AL_DependoA/member/ncbi-nuccore-aav/LQ870487	LQ870487	-	VOYAGER	DependoA	Adeno-associated virus	-	-	-
alignment/AL_DependoA/member/ncbi-nuccore-aav/LQ870489	LQ870489	-	VOYAGER	DependoA	Adeno-associated virus	-	-	-
alignment/AL_DependoA/member/ncbi-nuccore-aav/LQ870498	LQ870498	-	VOYAGER	DependoA	Adeno-associated virus	-	-	-
alignment/AL_DependoA/member/ncbi-nuccore-aav/LQ870502	LQ870502	-	VOYAGER	DependoA	Adeno-associated virus	-	-	-
alignment/AL_DependoA/member/ncbi-nuccore-aav/LQ870504	LQ870504	-	VOYAGER	DependoA	Adeno-associated virus	-	-	-
alignment/AL_DependoA/member/ncbi-nuccore-aav/LQ870514	LQ870514	-	VOYAGER	DependoA	Adeno-associated virus	-	-	-
alignment/AL_DependoA/member/ncbi-nuccore-aav/LX153648	LX153648	-	UNIQURE IP B.V	DependoA	Adeno-associated virus 13	-	-	-
alignment/AL_DependoA/member/ncbi-nuccore-aav/LY408700	LY408700	-	UNIQURE IP B.V	DependoA	Adeno-associated virus 13	-	-	-
alignment/AL_DependoA/member/ncbi-nuccore-aav/MB418486	MB418486	-	VOYAGER	DependoA	Adeno-associated virus	-	-	-
alignment/AL_DependoA/member/ncbi-nuccore-aav/MB418504	MB418504	-	VOYAGER	DependoA	Adeno-associated virus	-	-	-
alignment/AL_DependoA/member/ncbi-nuccore-aav/MB418507	MB418507	-	VOYAGER	DependoA	Adeno-associated virus	-	-	-
alignment/AL_DependoA/member/ncbi-nuccore-aav/MB418510	MB418510	-	VOYAGER	DependoA	Adeno-associated virus	-	-	-
alignment/AL_DependoA/member/ncbi-nuccore-aav/MB418511	MB418511	-	VOYAGER	DependoA	Adeno-associated virus	-	-	-
alignment/AL_DependoA/member/ncbi-nuccore-aav/MB418512	MB418512	-	VOYAGER	DependoA	Adeno-associated virus	-	-	-
alignment/AL_DependoA/member/ncbi-nuccore-aav/MB418513	MB418513	-	VOYAGER	DependoA	Adeno-associated virus	-	-	-
alignment/AL_DependoA/member/ncbi-nuccore-aav/MB418516	MB418516	-	VOYAGER	DependoA	Adeno-associated virus	-	-	-
alignment/AL_DependoA/member/ncbi-nuccore-aav/MB418517	MB418517	-	VOYAGER	DependoA	Adeno-associated virus	-	-	-
alignment/AL_DependoA/member/ncbi-nuccore-aav/MB418536	MB418536	-	VOYAGER	DependoA	Adeno-associated virus	-	-	-
alignment/AL_DependoA/member/ncbi-nuccore-aav/MB418537	MB418537	-	VOYAGER	DependoA	Adeno-associated virus	-	-	-
alignment/AL_DependoA/member/ncbi-nuccore-aav/MB418538	MB418538	-	VOYAGER	DependoA	Adeno-associated virus	-	-	-
alignment/AL_DependoA/member/ncbi-nuccore-aav/MB418539	MB418539	-	VOYAGER	DependoA	Adeno-associated virus	-	-	-
alignment/AL_DependoA/member/ncbi-nuccore-aav/MB418548	MB418548	-	VOYAGER	DependoA	Adeno-associated virus	-	-	-
alignment/AL_DependoA/member/ncbi-nuccore-aav/MB418558	MB418558	-	VOYAGER	DependoA	Adeno-associated virus	-	-	-
alignment/AL_DependoA/member/ncbi-nuccore-aav/MB418605	MB418605	-	VOYAGER	DependoA	Adeno-associated virus	-	-	-
alignment/AL_DependoA/member/ncbi-nuccore-aav/MB418606	MB418606	-	VOYAGER	DependoA	Adeno-associated virus	-	-	-
alignment/AL_DependoA/member/ncbi-nuccore-aav/MB418613	MB418613	-	VOYAGER	DependoA	Adeno-associated virus	-	-	-
alignment/AL_DependoA/member/ncbi-nuccore-aav/MB418614	MB418614	-	VOYAGER	DependoA	Adeno-associated virus	-	-	-
alignment/AL_DependoA/member/ncbi-nuccore-aav/MB418655	MB418655	-	VOYAGER	DependoA	Adeno-associated virus	-	-	-
alignment/AL_DependoA/member/ncbi-nuccore-aav/MB418658	MB418658	-	VOYAGER	DependoA	Adeno-associated virus	-	-	-
alignment/AL_DependoA/member/ncbi-nuccore-aav/MB418659	MB418659	-	VOYAGER	DependoA	Adeno-associated virus	-	-	-
alignment/AL_DependoA/member/ncbi-nuccore-aav/MB418660	MB418660	-	VOYAGER	DependoA	Adeno-associated virus	-	-	-
alignment/AL_DependoA/member/ncbi-nuccore-aav/MB418663	MB418663	-	VOYAGER	DependoA	Adeno-associated virus	-	-	-
alignment/AL_DependoA/member/ncbi-nuccore-aav/MB418665	MB418665	-	VOYAGER	DependoA	Adeno-associated virus	-	-	-
alignment/AL_DependoA/member/ncbi-nuccore-aav/MB418666	MB418666	-	VOYAGER	DependoA	Adeno-associated virus	-	-	-
alignment/AL_DependoA/member/ncbi-nuccore-aav/MB418671	MB418671	-	VOYAGER	DependoA	Adeno-associated virus	-	-	-
alignment/AL_DependoA/member/ncbi-nuccore-aav/MD729635	MD729635	-	RESEARCH INSTITUTE AT NATIONWIDE CHILDREN'S HOSPITAL	DependoA	Adeno-associated virus	-	-	-
alignment/AL_DependoA/member/ncbi-nuccore-aav/MK139244	MK139244	-	La Bella et al	DependoA	Adeno-associated virus	CHC163_AAV.FL.linear	Homo sapiens	-
alignment/AL_DependoA/member/ncbi-nuccore-aav/MK139245	MK139245	-	La Bella et al	DependoA	Adeno-associated virus	CHC217_AAV.FL.linear	Homo sapiens	-
alignment/AL_DependoA/member/ncbi-nuccore-aav/MK139246	MK139246	-	La Bella et al	DependoA	Adeno-associated virus	CHC367_AAV.FL.linear	Homo sapiens	-
alignment/AL_DependoA/member/ncbi-nuccore-aav/MK139249	MK139249	-	La Bella et al	DependoA	Adeno-associated virus	CHC442_AAV.FL.linear	Homo sapiens	-
alignment/AL_DependoA/member/ncbi-nuccore-aav/MK139252	MK139252	-	La Bella et al	DependoA	Adeno-associated virus	CHC508_AAV.FL.linear	Homo sapiens	-
alignment/AL_DependoA/member/ncbi-nuccore-aav/MK139254	MK139254	-	La Bella et al	DependoA	Adeno-associated virus	CHC668_AAV.FL.linear	Homo sapiens	-
alignment/AL_DependoA/member/ncbi-nuccore-aav/MK139255	MK139255	-	La Bella et al	DependoA	Adeno-associated virus	CHC685_AAV.FL.linear	Homo sapiens	-
alignment/AL_DependoA/member/ncbi-nuccore-aav/MK139256	MK139256	-	La Bella et al	DependoA	Adeno-associated virus	CHC704_AAV.FL.linear	Homo sapiens	-
alignment/AL_DependoA/member/ncbi-nuccore-aav/MK139257	MK139257	-	La Bella et al	DependoA	Adeno-associated virus	CHC714_AAV.FL.linear	Homo sapiens	-
alignment/AL_DependoA/member/ncbi-nuccore-aav/MK139260	MK139260	-	La Bella et al	DependoA	Adeno-associated virus	CHC790_AAV.FL.linear	Homo sapiens	-
alignment/AL_DependoA/member/ncbi-nuccore-aav/MK139262	MK139262	-	La Bella et al	DependoA	Adeno-associated virus	CHC976_AAV.FL.linear	Homo sapiens	-
alignment/AL_DependoA/member/ncbi-nuccore-aav/MK139266	MK139266	-	La Bella et al	DependoA	Adeno-associated virus	CHC1020_AAV.FL.linear	Homo sapiens	-
alignment/AL_DependoA/member/ncbi-nuccore-aav/MK139267	MK139267	-	La Bella et al	DependoA	Adeno-associated virus	CHC1024_AAV.FL.linear	Homo sapiens	-
alignment/AL_DependoA/member/ncbi-nuccore-aav/MK139268	MK139268	-	La Bella et al	DependoA	Adeno-associated virus	CHC1158_AAV.FL.linear	Homo sapiens	-
alignment/AL_DependoA/member/ncbi-nuccore-aav/MK139271	MK139271	-	La Bella et al	DependoA	Adeno-associated virus	CHC1286_AAV.FL.linear	Homo sapiens	-
alignment/AL_DependoA/member/ncbi-nuccore-aav/MK139273	MK139273	-	La Bella et al	DependoA	Adeno-associated virus	CHC1350_AAV.FL.linear	Homo sapiens	-
alignment/AL_DependoA/member/ncbi-nuccore-aav/MK139276	MK139276	-	La Bella et al	DependoA	Adeno-associated virus	CHC1570_AAV.FL.linear	Homo sapiens	-
alignment/AL_DependoA/member/ncbi-nuccore-aav/MK139277	MK139277	-	La Bella et al	DependoA	Adeno-associated virus	CHC1591_AAV.FL.linear	Homo sapiens	-
alignment/AL_DependoA/member/ncbi-nuccore-aav/MK139279	MK139279	-	La Bella et al	DependoA	Adeno-associated virus	CHC1704_AAV.FL.linear	Homo sapiens	-
alignment/AL_DependoA/member/ncbi-nuccore-aav/MK139284	MK139284	-	La Bella et al	DependoA	Adeno-associated virus	CHC2107_AAV.FL.linear	Homo sapiens	-
alignment/AL_DependoA/member/ncbi-nuccore-aav/MK139285	MK139285	-	La Bella et al	DependoA	Adeno-associated virus	CHC2112_AAV.FL.linear	Homo sapiens	-
alignment/AL_DependoA/member/ncbi-nuccore-aav/MK139290	MK139290	-	La Bella et al	DependoA	Adeno-associated virus	CHC2320_AAV.FL.linear	Homo sapiens	-
alignment/AL_DependoA/member/ncbi-nuccore-aav/MK139296	MK139296	-	La Bella et al	DependoA	Adeno-associated virus	CHC3086_AAV.FL.linear	Homo sapiens	-
alignment/AL_DependoA/member/ncbi-nuccore-aav/MK139297	MK139297	-	La Bella et al	DependoA	Adeno-associated virus	CHC3142_AAV.FL.linear	Homo sapiens	-
alignment/AL_DependoA/member/ncbi-nuccore-aav/MK163929	MK163929	-	La Bella et al	DependoA	Adeno-associated virus	CHC367_AAV.FL.circular	Homo sapiens	-
alignment/AL_DependoA/member/ncbi-nuccore-aav/MK163930	MK163930	-	La Bella et al	DependoA	Adeno-associated virus	CHC442_AAV.FL.circular	Homo sapiens	-
alignment/AL_DependoA/member/ncbi-nuccore-aav/MK163933	MK163933	-	La Bella et al	DependoA	Adeno-associated virus	CHC704_AAV.FL.circular	Homo sapiens	-
alignment/AL_DependoA/member/ncbi-nuccore-aav/MK163934	MK163934	-	La Bella et al	DependoA	Adeno-associated virus	CHC790_AAV.FL.circular	Homo sapiens	-
alignment/AL_DependoA/member/ncbi-nuccore-aav/MK163936	MK163936	-	La Bella et al	DependoA	Adeno-associated virus	CHC1024_AAV.FL.circular	Homo sapiens	-
alignment/AL_DependoA/member/ncbi-nuccore-aav/MK163937	MK163937	-	La Bella et al	DependoA	Adeno-associated virus	CHC1286_AAV.FL.circular	Homo sapiens	-
alignment/AL_DependoA/member/ncbi-nuccore-aav/MK163940	MK163940	-	La Bella et al	DependoA	Adeno-associated virus	CHC3086_AAV.FL.circular	Homo sapiens	-
alignment/AL_DependoA/member/ncbi-nuccore-aav/MK163941	MK163941	-	La Bella et al	DependoA	Adeno-associated virus	CHC3142_AAV.FL.circular	Homo sapiens	-
alignment/AL_DependoA/member/ncbi-nuccore-aav/MK905734	MK905734	-	Zhang et al	DependoA	Adeno-associated virus	Human/China/Shanghai/FX3-1613263/AAV	Homo sapiens	-
alignment/AL_DependoA/member/ncbi-nuccore-aav/MN765172	MN765172	-	Tanzanian children	DependoA	Dependoparvovirus primate1	SAfia-418D	Homo sapiens	33929935
alignment/AL_DependoA/member/ncbi-nuccore-aav/MN765175	MN765175	-	Tanzanian children	DependoA	Dependoparvovirus primate1	SAfia-450D	Homo sapiens	33929935
alignment/AL_DependoA/member/ncbi-nuccore-aav/MN765178	MN765178	-	Tanzanian children	DependoA	Dependoparvovirus primate1	SAfia-320D	Homo sapiens	33929935
alignment/AL_DependoA/member/ncbi-nuccore-aav/MT709008	MT709008	-	Cabanes-Creus et al	DependoA	Adeno-associated virus	hu.Lvr01	Homo sapiens	32908003
alignment/AL_DependoA/member/ncbi-nuccore-aav/MT709012	MT709012	-	Cabanes-Creus et al	DependoA	Adeno-associated virus	hu.Lvr05	Homo sapiens	32908003
alignment/AL_DependoA/member/ncbi-nuccore-aav/MT709014	MT709014	-	Cabanes-Creus et al	DependoA	Adeno-associated virus	hu.Lvr07	Homo sapiens	32908003
alignment/AL_DependoA/member/ncbi-nuccore-aav/MZ364221	MZ364221	-	Sadiq et al	DependoA	Adeno-associated virus	AAV_PAK56	Homo sapiens	-
alignment/AL_DependoA/member/ncbi-refseqs/NC_001401	NC_001401	AAV2	Cao et al	DependoA	adeno-associated virus 2	-	-	25127256
alignment/AL_DependoA/member/ncbi-refseqs/NC_001729	NC_001729	AAV3	Muramatsu et al	DependoA	Adeno-associated virus - 3	-	-	8661429
alignment/AL_DependoA/member/ncbi-refseqs/NC_001829	NC_001829	AAV4	Chiorini et  al	DependoA	Adeno-associated virus - 4	ATCC VR-646	-	9261407
alignment/AL_DependoA/member/ncbi-refseqs/NC_002077	NC_002077	AAV1	Xiao et al	DependoA	Adeno-associated virus - 1	-	-	10196295
alignment/AL_DependoA/member/ncbi-refseqs/NC_006260	NC_006260	AAV7	Gao et al	DependoA	adeno-associated virus 7	-	Macaca mulatta	12192090
alignment/AL_DependoA/member/ncbi-refseqs/NC_006261	NC_006261	AAV8	Gao et al	DependoA	adeno-associated virus 8	-	Macaca mulatta	12192090
alignment/AL_DependoA/member/ncbi-nuccore-aav/OF283701	OF283701	-	VOYAGER	DependoA	Adeno-associated virus - 4	-	-	-
alignment/AL_DependoA/member/ncbi-nuccore-aav/OF296682	OF296682	-	CHILDREN'S HOSPITAL INC	DependoA	Adeno-associated virus	-	-	-
alignment/AL_DependoA/member/ncbi-nuccore-aav/OF485080	OF485080	-	VOYAGER	DependoA	Adeno-associated virus	-	-	-
alignment/AL_DependoA/member/ncbi-nuccore-aav/OF485100	OF485100	-	VOYAGER	DependoA	Adeno-associated virus	-	-	-
alignment/AL_DependoA/member/ncbi-nuccore-aav/OF485103	OF485103	-	VOYAGER	DependoA	Adeno-associated virus	-	-	-
alignment/AL_DependoA/member/ncbi-nuccore-aav/OF485104	OF485104	-	VOYAGER	DependoA	Adeno-associated virus	-	-	-
alignment/AL_DependoA/member/ncbi-nuccore-aav/OF485105	OF485105	-	VOYAGER	DependoA	Adeno-associated virus	-	-	-
alignment/AL_DependoA/member/ncbi-nuccore-aav/OF485106	OF485106	-	VOYAGER	DependoA	Adeno-associated virus	-	-	-
alignment/AL_DependoA/member/ncbi-nuccore-aav/OF485109	OF485109	-	VOYAGER	DependoA	Adeno-associated virus	-	-	-
alignment/AL_DependoA/member/ncbi-nuccore-aav/OF485110	OF485110	-	VOYAGER	DependoA	Adeno-associated virus	-	-	-
alignment/AL_DependoA/member/ncbi-nuccore-aav/OF485128	OF485128	-	VOYAGER	DependoA	Adeno-associated virus	-	-	-
alignment/AL_DependoA/member/ncbi-nuccore-aav/OF485129	OF485129	-	VOYAGER	DependoA	Adeno-associated virus	-	-	-
alignment/AL_DependoA/member/ncbi-nuccore-aav/OF485130	OF485130	-	VOYAGER	DependoA	Adeno-associated virus	-	-	-
alignment/AL_DependoA/member/ncbi-nuccore-aav/OF485131	OF485131	-	VOYAGER	DependoA	Adeno-associated virus	-	-	-
alignment/AL_DependoA/member/ncbi-nuccore-aav/OF485140	OF485140	-	VOYAGER	DependoA	Adeno-associated virus	-	-	-
alignment/AL_DependoA/member/ncbi-nuccore-aav/OF485150	OF485150	-	VOYAGER	DependoA	Adeno-associated virus	-	-	-
alignment/AL_DependoA/member/ncbi-nuccore-aav/OF485197	OF485197	-	VOYAGER	DependoA	Adeno-associated virus	-	-	-
alignment/AL_DependoA/member/ncbi-nuccore-aav/OF485198	OF485198	-	VOYAGER	DependoA	Adeno-associated virus	-	-	-
alignment/AL_DependoA/member/ncbi-nuccore-aav/OF485205	OF485205	-	VOYAGER	DependoA	Adeno-associated virus	-	-	-
alignment/AL_DependoA/member/ncbi-nuccore-aav/OF485206	OF485206	-	VOYAGER	DependoA	Adeno-associated virus	-	-	-
alignment/AL_DependoA/member/ncbi-nuccore-aav/OF485247	OF485247	-	VOYAGER	DependoA	Adeno-associated virus	-	-	-
alignment/AL_DependoA/member/ncbi-nuccore-aav/OF485250	OF485250	-	VOYAGER	DependoA	Adeno-associated virus	-	-	-
alignment/AL_DependoA/member/ncbi-nuccore-aav/OF485251	OF485251	-	VOYAGER	DependoA	Adeno-associated virus	-	-	-
alignment/AL_DependoA/member/ncbi-nuccore-aav/OF485252	OF485252	-	VOYAGER	DependoA	Adeno-associated virus	-	-	-
alignment/AL_DependoA/member/ncbi-nuccore-aav/OF485255	OF485255	-	VOYAGER	DependoA	Adeno-associated virus	-	-	-
alignment/AL_DependoA/member/ncbi-nuccore-aav/OF485257	OF485257	-	VOYAGER	DependoA	Adeno-associated virus	-	-	-
alignment/AL_DependoA/member/ncbi-nuccore-aav/OF485258	OF485258	-	VOYAGER	DependoA	Adeno-associated virus	-	-	-
alignment/AL_DependoA/member/ncbi-nuccore-aav/OF485263	OF485263	-	VOYAGER	DependoA	Adeno-associated virus	-	-	-
alignment/AL_DependoA/member/ncbi-nuccore-aav/OM451154	OM451154	-	He et al	DependoA	Adeno-associated virus	HeB-T1	Myocastor coypus	-
alignment/AL_DependoA/member/ncbi-nuccore-aav/ON755348	ON755348	-	Nambiar et al	DependoA	Adeno-associated virus	AAVrh90_FL	Macaca mulatta	35906801
alignment/AL_DependoA/member/ncbi-nuccore-aav/ON755355	ON755355	-	Nambiar et al	DependoA	Adeno-associated virus	AAVrh93_FL	Macaca mulatta	35906801
alignment/AL_DependoA/member/ncbi-nuccore-aav/ON755362	ON755362	-	Nambiar et al	DependoA	Adeno-associated virus	AAVrh96_FL	Macaca mulatta	35906801
alignment/AL_DependoA/member/ncbi-nuccore-aav/ON755364	ON755364	-	Nambiar et al	DependoA	Adeno-associated virus	AAVrh97_FL	Macaca mulatta	35906801
alignment/AL_DependoA/member/ncbi-nuccore-aav/ON755366	ON755366	-	Nambiar et al	DependoA	Adeno-associated virus	AAVrh98_FL	Macaca mulatta	35906801
alignment/AL_DependoA/member/ncbi-nuccore-aav/PE008384	PE008384	-	CHILDREN'S HOSPITAL INC	DependoA	Adeno-associated virus	-	-	-
alignment/AL_DependoA/member/ncbi-nuccore-aav/PE100580	PE100580	-	VOYAGER	DependoA	Adeno-associated virus	-	-	-
alignment/AL_DependoA/member/ncbi-nuccore-aav/PE100598	PE100598	-	VOYAGER	DependoA	Adeno-associated virus	-	-	-
alignment/AL_DependoA/member/ncbi-nuccore-aav/PE100601	PE100601	-	VOYAGER	DependoA	Adeno-associated virus	-	-	-
alignment/AL_DependoA/member/ncbi-nuccore-aav/PE100604	PE100604	-	VOYAGER	DependoA	Adeno-associated virus	-	-	-
alignment/AL_DependoA/member/ncbi-nuccore-aav/PE100605	PE100605	-	VOYAGER	DependoA	Adeno-associated virus	-	-	-
alignment/AL_DependoA/member/ncbi-nuccore-aav/PE100606	PE100606	-	VOYAGER	DependoA	Adeno-associated virus	-	-	-
alignment/AL_DependoA/member/ncbi-nuccore-aav/PE100607	PE100607	-	VOYAGER	DependoA	Adeno-associated virus	-	-	-
alignment/AL_DependoA/member/ncbi-nuccore-aav/PE100610	PE100610	-	VOYAGER	DependoA	Adeno-associated virus	-	-	-
alignment/AL_DependoA/member/ncbi-nuccore-aav/PE100611	PE100611	-	VOYAGER	DependoA	Adeno-associated virus	-	-	-
alignment/AL_DependoA/member/ncbi-nuccore-aav/PE100630	PE100630	-	VOYAGER	DependoA	Adeno-associated virus	-	-	-
alignment/AL_DependoA/member/ncbi-nuccore-aav/PE100631	PE100631	-	VOYAGER	DependoA	Adeno-associated virus	-	-	-
alignment/AL_DependoA/member/ncbi-nuccore-aav/PE100632	PE100632	-	VOYAGER	DependoA	Adeno-associated virus	-	-	-
alignment/AL_DependoA/member/ncbi-nuccore-aav/PE100633	PE100633	-	VOYAGER	DependoA	Adeno-associated virus	-	-	-
alignment/AL_DependoA/member/ncbi-nuccore-aav/PE100642	PE100642	-	VOYAGER	DependoA	Adeno-associated virus	-	-	-
alignment/AL_DependoA/member/ncbi-nuccore-aav/PE100652	PE100652	-	VOYAGER	DependoA	Adeno-associated virus	-	-	-
alignment/AL_DependoA/member/ncbi-nuccore-aav/PE100699	PE100699	-	VOYAGER	DependoA	Adeno-associated virus	-	-	-
alignment/AL_DependoA/member/ncbi-nuccore-aav/PE100700	PE100700	-	VOYAGER	DependoA	Adeno-associated virus	-	-	-
alignment/AL_DependoA/member/ncbi-nuccore-aav/PE100707	PE100707	-	VOYAGER	DependoA	Adeno-associated virus	-	-	-
alignment/AL_DependoA/member/ncbi-nuccore-aav/PE100708	PE100708	-	VOYAGER	DependoA	Adeno-associated virus	-	-	-
alignment/AL_DependoA/member/ncbi-nuccore-aav/PE100749	PE100749	-	VOYAGER	DependoA	Adeno-associated virus	-	-	-
alignment/AL_DependoA/member/ncbi-nuccore-aav/PE100752	PE100752	-	VOYAGER	DependoA	Adeno-associated virus	-	-	-
alignment/AL_DependoA/member/ncbi-nuccore-aav/PE100753	PE100753	-	VOYAGER	DependoA	Adeno-associated virus	-	-	-
alignment/AL_DependoA/member/ncbi-nuccore-aav/PE100754	PE100754	-	VOYAGER	DependoA	Adeno-associated virus	-	-	-
alignment/AL_DependoA/member/ncbi-nuccore-aav/PE100757	PE100757	-	VOYAGER	DependoA	Adeno-associated virus	-	-	-
alignment/AL_DependoA/member/ncbi-nuccore-aav/PE100759	PE100759	-	VOYAGER	DependoA	Adeno-associated virus	-	-	-
alignment/AL_DependoA/member/ncbi-nuccore-aav/PE100760	PE100760	-	VOYAGER	DependoA	Adeno-associated virus	-	-	-
alignment/AL_DependoA/member/ncbi-nuccore-aav/PE100765	PE100765	-	VOYAGER	DependoA	Adeno-associated virus	-	-	-
alignment/AL_DependoA/member/ncbi-nuccore-aav/PF121046	PF121046	-	TENAYA	DependoA	Adeno-associated virus	-	-	-
alignment/AL_DependoA/member/ncbi-nuccore-aav/PF122936	PF122936	-	CHILDREN'S HOSPITAL INC	DependoA	Adeno-associated virus	-	-	-
alignment/AL_AAV1/member/ncbi-nuccore-aav/AF063497	AF063497	AAV1	Xiao et al	DependoA	Adeno-associated virus - 1	-	-	10196295
alignment/AL_AAV1/member/ncbi-nuccore-aav/AX753251	AX753251	AAV1	UNIVERSITY OF PENNSYLVANIA	DependoA	Adeno-associated virus - 1	-	-	-
alignment/AL_AAV1/member/ncbi-nuccore-aav/DI393761	DI393761	AAV1	-	DependoA	Adeno-associated virus - 1	-	-	-
alignment/AL_AAV1/member/ncbi-nuccore-aav/FB292908	FB292908	AAV1	UNIVERSITY OF PENNSYLVANIA	DependoA	Adeno-associated virus - 1	-	-	-
alignment/AL_AAV1/member/ncbi-nuccore-aav/HW608043	HW608043	AAV1	ASSOCIATION INSTITUT DE MYOLOGIE	DependoA	Adeno-associated virus - 1	-	-	-
alignment/AL_AAV1/member/ncbi-nuccore-aav/JB292180	JB292180	AAV1	UNIV NORTH CAROLINA	DependoA	Adeno-associated virus - 1	-	-	-
alignment/AL_AAV1/member/ncbi-nuccore-aav/JC278188	JC278188	AAV1	ASSOCIATION INSTITUT DE MYOLOGIE	DependoA	Adeno-associated virus - 1	-	-	-
alignment/AL_AAV1/member/ncbi-nuccore-aav/JC285043	JC285043	AAV1	ASSOCIATION INSTITUT DE MYOLOGIE	DependoA	Adeno-associated virus - 1	-	-	-
alignment/AL_AAV1/member/ncbi-nuccore-aav/LQ870089	LQ870089	AAV1	VOYAGER	DependoA	Adeno-associated virus - 1	-	-	-
alignment/AL_AAV1/member/ncbi-nuccore-aav/LX153636	LX153636	AAV1	UNIQURE IP B.V	DependoA	Adeno-associated virus - 1	-	-	-
alignment/AL_AAV1/member/ncbi-nuccore-aav/LY408688	LY408688	AAV1	UNIQURE IP B.V	DependoA	Adeno-associated virus - 1	-	-	-
alignment/AL_AAV1/member/ncbi-nuccore-aav/LZ233295	LZ233295	AAV1	ASSOCIATION INSTITUT DE MYOLOGIE	DependoA	Adeno-associated virus - 1	-	-	-
alignment/AL_AAV1/member/ncbi-nuccore-aav/MB418473	MB418473	AAV1	VOYAGER	DependoA	Adeno-associated virus - 1	-	-	-
alignment/AL_AAV1/member/ncbi-refseqs/NC_002077	NC_002077	AAV1	Xiao et al	DependoA	Adeno-associated virus - 1	-	-	10196295
alignment/AL_AAV1/member/ncbi-nuccore-aav/OF116274	OF116274	AAV1	ASSOCIATION INSTITUT DE MYOLOGIE	DependoA	Adeno-associated virus - 1	-	-	-
alignment/AL_AAV1/member/ncbi-nuccore-aav/OF485067	OF485067	AAV1	VOYAGER	DependoA	Adeno-associated virus - 1	-	-	-
alignment/AL_AAV1/member/ncbi-nuccore-aav/ON755350	ON755350	AAV1	Nambiar et al	DependoA	Adeno-associated virus	AAVrh91_FL	Macaca mulatta	35906801
alignment/AL_AAV1/member/ncbi-nuccore-aav/PA554130	PA554130	AAV1	ASSOCIATION INSTITUT DE MYOLOGIE	DependoA	Adeno-associated virus - 1	-	-	-
alignment/AL_AAV1/member/ncbi-nuccore-aav/PE100567	PE100567	AAV1	VOYAGER	DependoA	Adeno-associated virus - 1	-	-	-
alignment/AL_AAV1/member/ncbi-nuccore-aav/PE468513	PE468513	AAV1	VOYAGER	DependoA	Adeno-associated virus - 1	-	-	-
alignment/AL_AAV10/member/ncbi-refseqs/AY631965	AY631965	AAV10	Mori et al	DependoA	adeno-associated virus 10	-	-	15567432
alignment/AL_AAV10/member/ncbi-nuccore-aav/JA062746	JA062746	AAV10	-	DependoA	Adeno-associated virus	-	-	-
alignment/AL_AAV10/member/ncbi-nuccore-aav/JA062748	JA062748	AAV10	-	DependoA	Adeno-associated virus	-	-	-
alignment/AL_AAV10/member/ncbi-nuccore-aav/JA231997	JA231997	AAV10	-	DependoA	Adeno-associated virus	-	-	-
alignment/AL_AAV10/member/ncbi-nuccore-aav/JA231999	JA231999	AAV10	-	DependoA	Adeno-associated virus	-	-	-
alignment/AL_AAV10/member/ncbi-nuccore-aav/JA232233	JA232233	AAV10	-	DependoA	Adeno-associated virus	-	-	-
alignment/AL_AAV10/member/ncbi-nuccore-aav/JA232235	JA232235	AAV10	-	DependoA	Adeno-associated virus	-	-	-
alignment/AL_AAV10/member/ncbi-nuccore-aav/JA400283	JA400283	AAV10	-	DependoA	Adeno-associated virus	-	-	-
alignment/AL_AAV10/member/ncbi-nuccore-aav/JA400285	JA400285	AAV10	-	DependoA	Adeno-associated virus	-	-	-
alignment/AL_AAV10/member/ncbi-nuccore-aav/LQ870156	LQ870156	AAV10	-	DependoA	Adeno-associated virus	-	-	-
alignment/AL_AAV10/member/ncbi-nuccore-aav/LQ870158	LQ870158	AAV10	-	DependoA	Adeno-associated virus	-	-	-
alignment/AL_AAV10/member/ncbi-nuccore-aav/LQ870288	LQ870288	AAV10	-	DependoA	Adeno-associated virus	-	-	-
alignment/AL_AAV10/member/ncbi-nuccore-aav/LQ870289	LQ870289	AAV10	-	DependoA	Adeno-associated virus	-	-	-
alignment/AL_AAV10/member/ncbi-nuccore-aav/LX153645	LX153645	AAV10	-	DependoA	adeno-associated virus 10	-	-	-
alignment/AL_AAV10/member/ncbi-nuccore-aav/LY408697	LY408697	AAV10	-	DependoA	adeno-associated virus 10	-	-	-
alignment/AL_AAV10/member/ncbi-nuccore-aav/MB418508	MB418508	AAV10	-	DependoA	Adeno-associated virus	-	-	-
alignment/AL_AAV10/member/ncbi-nuccore-aav/MB418509	MB418509	AAV10	-	DependoA	Adeno-associated virus	-	-	-
alignment/AL_AAV10/member/ncbi-nuccore-aav/MB418565	MB418565	AAV10	-	DependoA	Adeno-associated virus	-	-	-
alignment/AL_AAV10/member/ncbi-nuccore-aav/MB418566	MB418566	AAV10	-	DependoA	Adeno-associated virus	-	-	-
alignment/AL_AAV10/member/ncbi-nuccore-aav/OF485101	OF485101	AAV10	-	DependoA	Adeno-associated virus	-	-	-
alignment/AL_AAV10/member/ncbi-nuccore-aav/OF485102	OF485102	AAV10	-	DependoA	Adeno-associated virus	-	-	-
alignment/AL_AAV10/member/ncbi-nuccore-aav/OF485157	OF485157	AAV10	-	DependoA	Adeno-associated virus	-	-	-
alignment/AL_AAV10/member/ncbi-nuccore-aav/OF485158	OF485158	AAV10	-	DependoA	Adeno-associated virus	-	-	-
alignment/AL_AAV10/member/ncbi-nuccore-aav/PE100602	PE100602	AAV10	-	DependoA	Adeno-associated virus	-	-	-
alignment/AL_AAV10/member/ncbi-nuccore-aav/PE100603	PE100603	AAV10	-	DependoA	Adeno-associated virus	-	-	-
alignment/AL_AAV10/member/ncbi-nuccore-aav/PE100659	PE100659	AAV10	-	DependoA	Adeno-associated virus	-	-	-
alignment/AL_AAV10/member/ncbi-nuccore-aav/PE100660	PE100660	AAV10	-	DependoA	Adeno-associated virus	-	-	-
alignment/AL_AAV11/member/ncbi-refseqs/AY631966	AY631966	AAV11	Mori et al	DependoA	Adeno-associated virus 11	-	-	15567432
alignment/AL_AAV11/member/ncbi-nuccore-aav/JB292190	JB292190	AAV11	UNIV NORTH CAROLINA	DependoA	Adeno-associated virus 11	-	-	-
alignment/AL_AAV11/member/ncbi-nuccore-aav/LQ870508	LQ870508	AAV11	VOYAGER	DependoA	Adeno-associated virus	-	-	-
alignment/AL_AAV11/member/ncbi-nuccore-aav/LQ870510	LQ870510	AAV11	VOYAGER	DependoA	Adeno-associated virus	-	-	-
alignment/AL_AAV11/member/ncbi-nuccore-aav/LX153646	LX153646	AAV11	UNIQURE IP B.V	DependoA	Adeno-associated virus 11	-	-	-
alignment/AL_AAV11/member/ncbi-nuccore-aav/LY408698	LY408698	AAV11	UNIQURE IP B.V	DependoA	Adeno-associated virus 11	-	-	-
alignment/AL_AAV11/member/ncbi-nuccore-aav/MB418668	MB418668	AAV11	VOYAGER	DependoA	Adeno-associated virus	-	-	-
alignment/AL_AAV11/member/ncbi-nuccore-aav/MB418669	MB418669	AAV11	VOYAGER	DependoA	Adeno-associated virus	-	-	-
alignment/AL_AAV11/member/ncbi-nuccore-aav/OF485260	OF485260	AAV11	VOYAGER	DependoA	Adeno-associated virus	-	-	-
alignment/AL_AAV11/member/ncbi-nuccore-aav/OF485261	OF485261	AAV11	VOYAGER	DependoA	Adeno-associated virus	-	-	-
alignment/AL_AAV11/member/ncbi-nuccore-aav/ON755353	ON755353	AAV11	Nambiar et al	DependoA	Adeno-associated virus	AAVrh92_FL	Macaca mulatta	35906801
alignment/AL_AAV11/member/ncbi-nuccore-aav/PE100762	PE100762	AAV11	VOYAGER	DependoA	Adeno-associated virus	-	-	-
alignment/AL_AAV11/member/ncbi-nuccore-aav/PE100763	PE100763	AAV11	VOYAGER	DependoA	Adeno-associated virus	-	-	-
alignment/AL_AAV12/member/ncbi-refseqs/DQ813647	DQ813647	AAV12	Schmidt et al	DependoA	Adeno-associated virus 12	-	-	18045941
alignment/AL_AAV12/member/ncbi-nuccore-aav/LX153647	LX153647	AAV12	-	DependoA	Adeno-associated virus 12	-	-	-
alignment/AL_AAV12/member/ncbi-nuccore-aav/LY408699	LY408699	AAV12	-	DependoA	Adeno-associated virus 12	-	-	-
alignment/AL_AAV2/member/ncbi-nuccore-aav/AF043303	AF043303	AAV2	Ruffing et al	DependoA	adeno-associated virus 2	-	-	7996133
alignment/AL_AAV2/member/ncbi-nuccore-aav/AX135805	AX135805	AAV2	UNIVERSITY OF ARKANSAS	DependoA	adeno-associated virus 2	-	-	-
alignment/AL_AAV2/member/ncbi-nuccore-aav/AX282480	AX282480	AAV2	Neurologix	DependoA	adeno-associated virus 2	-	-	-
alignment/AL_AAV2/member/ncbi-nuccore-aav/AX286292	AX286292	AAV2	BTG INTERNATIONAL LIMITED	DependoA	adeno-associated virus 2	-	-	-
alignment/AL_AAV2/member/ncbi-nuccore-aav/AX753252	AX753252	AAV2	UNIVERSITY OF PENNSYLVANIA	DependoA	adeno-associated virus 2	-	-	-
alignment/AL_AAV2/member/ncbi-nuccore-aav/AY695371	AY695371	AAV2	Chen et al	DependoA	Adeno-associated virus	hu.T32	Homo sapiens	16282478
alignment/AL_AAV2/member/ncbi-nuccore-aav/AY695372	AY695372	AAV2	Chen et al	DependoA	Adeno-associated virus	hu.T40	Homo sapiens	16282478
alignment/AL_AAV2/member/ncbi-nuccore-aav/AY695373	AY695373	AAV2	Chen et al	DependoA	Adeno-associated virus	hu.T70	Homo sapiens	16282478
alignment/AL_AAV2/member/ncbi-nuccore-aav/AY695374	AY695374	AAV2	Chen et al	DependoA	Adeno-associated virus	hu.T71	Homo sapiens	16282478
alignment/AL_AAV2/member/ncbi-nuccore-aav/AY695375	AY695375	AAV2	Chen et al	DependoA	Adeno-associated virus	hu.T88	Homo sapiens	16282478
alignment/AL_AAV2/member/ncbi-nuccore-aav/BD094552	BD094552	AAV2	TAKARA SHUZO CO	DependoA	Adeno-associated virus	-	-	-
alignment/AL_AAV2/member/ncbi-nuccore-aav/BD393207	BD393207	AAV2	NEUROLOGIX	DependoA	adeno-associated virus 2	-	-	-
alignment/AL_AAV2/member/ncbi-nuccore-aav/BD405233	BD405233	AAV2	BTG INTERNATIONAL LIMITED	DependoA	adeno-associated virus 2	-	-	-
alignment/AL_AAV2/member/ncbi-nuccore-aav/CS435814	CS435814	AAV2	THE CLEVELAND CLINIC FOUNDATION	DependoA	adeno-associated virus 2	-	-	-
alignment/AL_AAV2/member/ncbi-nuccore-aav/DI006503	DI006503	AAV2	UENO (Ueno et al)	DependoA	Adeno-associated virus	-	-	-
alignment/AL_AAV2/member/ncbi-nuccore-aav/DI392350	DI392350	AAV2	ISIS INNOVATION	DependoA	adeno-associated virus 2	-	-	-
alignment/AL_AAV2/member/ncbi-nuccore-aav/FB292925	FB292925	AAV2	UNIVERSITY OF PENNSYLVANIA	DependoA	adeno-associated virus 2	-	-	-
alignment/AL_AAV2/member/ncbi-nuccore-aav/FW506001	FW506001	AAV2	CHILDREN'S HOSPITAL INC	DependoA	adeno-associated virus 2	-	-	-
alignment/AL_AAV2/member/ncbi-nuccore-aav/HW580763	HW580763	AAV2	ISIS INNOVATION	DependoA	adeno-associated virus 2	-	-	-
alignment/AL_AAV2/member/ncbi-nuccore-aav/J01901	J01901	AAV2	Samulski et al	DependoA	adeno-associated virus 2	-	-	6088052
alignment/AL_AAV2/member/ncbi-nuccore-aav/JA062738	JA062738	AAV2	UNIVERSITY OF PENNSYLVANIA	DependoA	Adeno-associated virus	-	-	-
alignment/AL_AAV2/member/ncbi-nuccore-aav/JA062741	JA062741	AAV2	UNIVERSITY OF PENNSYLVANIA	DependoA	Adeno-associated virus	-	-	-
alignment/AL_AAV2/member/ncbi-nuccore-aav/JA062742	JA062742	AAV2	UNIVERSITY OF PENNSYLVANIA	DependoA	Adeno-associated virus	-	-	-
alignment/AL_AAV2/member/ncbi-nuccore-aav/JA231989	JA231989	AAV2	Gao et al	DependoA	Adeno-associated virus	-	-	-
alignment/AL_AAV2/member/ncbi-nuccore-aav/JA231992	JA231992	AAV2	Gao et al	DependoA	Adeno-associated virus	-	-	-
alignment/AL_AAV2/member/ncbi-nuccore-aav/JA231993	JA231993	AAV2	Gao et al	DependoA	Adeno-associated virus	-	-	-
alignment/AL_AAV2/member/ncbi-nuccore-aav/JA232225	JA232225	AAV2	Gao et al	DependoA	Adeno-associated virus	-	-	-
alignment/AL_AAV2/member/ncbi-nuccore-aav/JA232228	JA232228	AAV2	Gao et al	DependoA	Adeno-associated virus	-	-	-
alignment/AL_AAV2/member/ncbi-nuccore-aav/JA232229	JA232229	AAV2	Gao et al	DependoA	Adeno-associated virus	-	-	-
alignment/AL_AAV2/member/ncbi-nuccore-aav/JA400275	JA400275	AAV2	Gao et al	DependoA	Adeno-associated virus	-	-	-
alignment/AL_AAV2/member/ncbi-nuccore-aav/JA400278	JA400278	AAV2	Gao et al	DependoA	Adeno-associated virus	-	-	-
alignment/AL_AAV2/member/ncbi-nuccore-aav/JA400279	JA400279	AAV2	Gao et al	DependoA	Adeno-associated virus	-	-	-
alignment/AL_AAV2/member/ncbi-nuccore-aav/JA793972	JA793972	AAV2	ISIS INNOVATION	DependoA	adeno-associated virus 2	-	-	-
alignment/AL_AAV2/member/ncbi-nuccore-aav/JB292181	JB292181	AAV2	UNIV NORTH CAROLINA	DependoA	adeno-associated virus 2	-	-	-
alignment/AL_AAV2/member/ncbi-nuccore-aav/KY271943	KY271943	AAV2	Marine et al	DependoA	Adeno-associated virus	-	Homo sapiens	-
alignment/AL_AAV2/member/ncbi-nuccore-aav/LQ396099	LQ396099	AAV2	UNIV ARKANSAS	DependoA	adeno-associated virus 2	-	-	-
alignment/AL_AAV2/member/ncbi-nuccore-aav/LQ864733	LQ864733	AAV2	UNIV CHILE	DependoA	adeno-associated virus 2	-	-	-
alignment/AL_AAV2/member/ncbi-nuccore-aav/LQ870099	LQ870099	AAV2	VOYAGER	DependoA	adeno-associated virus 2	-	-	-
alignment/AL_AAV2/member/ncbi-nuccore-aav/LQ870100	LQ870100	AAV2	VOYAGER	DependoA	adeno-associated virus 2	-	-	-
alignment/AL_AAV2/member/ncbi-nuccore-aav/LQ870275	LQ870275	AAV2	VOYAGER	DependoA	Adeno-associated virus	-	-	-
alignment/AL_AAV2/member/ncbi-nuccore-aav/LQ870383	LQ870383	AAV2	VOYAGER	DependoA	Adeno-associated virus	-	-	-
alignment/AL_AAV2/member/ncbi-nuccore-aav/LQ870386	LQ870386	AAV2	VOYAGER	DependoA	Adeno-associated virus	-	-	-
alignment/AL_AAV2/member/ncbi-nuccore-aav/LQ999771	LQ999771	AAV2	UNIV OXFORD INNOVATION 	DependoA	adeno-associated virus 2	-	-	-
alignment/AL_AAV2/member/ncbi-nuccore-aav/LX153637	LX153637	AAV2	UNIQURE IP B.V	DependoA	adeno-associated virus 2	-	-	-
alignment/AL_AAV2/member/ncbi-nuccore-aav/LY408689	LY408689	AAV2	UNIQURE IP B.V	DependoA	adeno-associated virus 2	-	-	-
alignment/AL_AAV2/member/ncbi-nuccore-aav/LY833184	LY833184	AAV2	VOYAGER	DependoA	adeno-associated virus 2	-	-	-
alignment/AL_AAV2/member/ncbi-nuccore-aav/LZ990128	LZ990128	AAV2	ISIS INNOVATION	DependoA	adeno-associated virus 2	-	-	-
alignment/AL_AAV2/member/ncbi-nuccore-aav/MB418479	MB418479	AAV2	VOYAGER	DependoA	adeno-associated virus 2	-	-	-
alignment/AL_AAV2/member/ncbi-nuccore-aav/MB418480	MB418480	AAV2	VOYAGER	DependoA	adeno-associated virus 2	-	-	-
alignment/AL_AAV2/member/ncbi-nuccore-aav/MB418555	MB418555	AAV2	VOYAGER	DependoA	Adeno-associated virus	-	-	-
alignment/AL_AAV2/member/ncbi-nuccore-aav/MB418608	MB418608	AAV2	VOYAGER	DependoA	Adeno-associated virus	-	-	-
alignment/AL_AAV2/member/ncbi-nuccore-aav/MB418610	MB418610	AAV2	VOYAGER	DependoA	Adeno-associated virus	-	-	-
alignment/AL_AAV2/member/ncbi-nuccore-aav/MK139243	MK139243	AAV2	La Bella et al	DependoA	Adeno-associated virus	CHC129_AAV.FL.linear	Homo sapiens	-
alignment/AL_AAV2/member/ncbi-nuccore-aav/MK139247	MK139247	AAV2	La Bella et al	DependoA	Adeno-associated virus	CHC371_AAV.FL.linear	Homo sapiens	-
alignment/AL_AAV2/member/ncbi-nuccore-aav/MK139248	MK139248	AAV2	La Bella et al	DependoA	Adeno-associated virus	CHC387_AAV.FL.linear	Homo sapiens	-
alignment/AL_AAV2/member/ncbi-nuccore-aav/MK139250	MK139250	AAV2	La Bella et al	DependoA	Adeno-associated virus	CHC471_AAV.FL.linear	Homo sapiens	-
alignment/AL_AAV2/member/ncbi-nuccore-aav/MK139251	MK139251	AAV2	La Bella et al	DependoA	Adeno-associated virus	CHC473_AAV.FL.linear	Homo sapiens	-
alignment/AL_AAV2/member/ncbi-nuccore-aav/MK139253	MK139253	AAV2	La Bella et al	DependoA	Adeno-associated virus	CHC667_AAV.FL.linear	Homo sapiens	-
alignment/AL_AAV2/member/ncbi-nuccore-aav/MK139258	MK139258	AAV2	La Bella et al	DependoA	Adeno-associated virus	CHC767_AAV.FL.linear	Homo sapiens	-
alignment/AL_AAV2/member/ncbi-nuccore-aav/MK139259	MK139259	AAV2	La Bella et al	DependoA	Adeno-associated virus	CHC777_AAV.FL.linear	Homo sapiens	-
alignment/AL_AAV2/member/ncbi-nuccore-aav/MK139261	MK139261	AAV2	La Bella et al	DependoA	Adeno-associated virus	CHC877_AAV.FL.linear	Homo sapiens	-
alignment/AL_AAV2/member/ncbi-nuccore-aav/MK139263	MK139263	AAV2	La Bella et al	DependoA	Adeno-associated virus	CHC985_AAV.FL.linear	Homo sapiens	-
alignment/AL_AAV2/member/ncbi-nuccore-aav/MK139264	MK139264	AAV2	La Bella et al	DependoA	Adeno-associated virus	CHC1010_AAV.FL.linear	Homo sapiens	-
alignment/AL_AAV2/member/ncbi-nuccore-aav/MK139265	MK139265	AAV2	La Bella et al	DependoA	Adeno-associated virus	CHC1017_AAV.FL.linear	Homo sapiens	-
alignment/AL_AAV2/member/ncbi-nuccore-aav/MK139269	MK139269	AAV2	La Bella et al	DependoA	Adeno-associated virus	CHC1260_AAV.FL.linear	Homo sapiens	-
alignment/AL_AAV2/member/ncbi-nuccore-aav/MK139270	MK139270	AAV2	La Bella et al	DependoA	Adeno-associated virus	CHC1273_AAV.FL.linear	Homo sapiens	-
alignment/AL_AAV2/member/ncbi-nuccore-aav/MK139272	MK139272	AAV2	La Bella et al	DependoA	Adeno-associated virus	CHC1343_AAV.FL.linear	Homo sapiens	-
alignment/AL_AAV2/member/ncbi-nuccore-aav/MK139274	MK139274	AAV2	La Bella et al	DependoA	Adeno-associated virus	CHC1449_AAV.FL.linear	Homo sapiens	-
alignment/AL_AAV2/member/ncbi-nuccore-aav/MK139275	MK139275	AAV2	La Bella et al	DependoA	Adeno-associated virus	CHC1534_AAV.FL.linear	Homo sapiens	-
alignment/AL_AAV2/member/ncbi-nuccore-aav/MK139278	MK139278	AAV2	La Bella et al	DependoA	Adeno-associated virus	CHC1602_AAV.FL.linear	Homo sapiens	-
alignment/AL_AAV2/member/ncbi-nuccore-aav/MK139280	MK139280	AAV2	La Bella et al	DependoA	Adeno-associated virus	CHC1919_AAV.FL.linear	Homo sapiens	-
alignment/AL_AAV2/member/ncbi-nuccore-aav/MK139281	MK139281	AAV2	La Bella et al	DependoA	Adeno-associated virus	CHC2040_AAV.FL.linear	Homo sapiens	-
alignment/AL_AAV2/member/ncbi-nuccore-aav/MK139282	MK139282	AAV2	La Bella et al	DependoA	Adeno-associated virus	CHC2087_AAV.FL.linear	Homo sapiens	-
alignment/AL_AAV2/member/ncbi-nuccore-aav/MK139283	MK139283	AAV2	La Bella et al	DependoA	Adeno-associated virus	CHC2102_AAV.FL.linear	Homo sapiens	-
alignment/AL_AAV2/member/ncbi-nuccore-aav/MK139286	MK139286	AAV2	La Bella et al	DependoA	Adeno-associated virus	CHC2128_AAV.FL.linear	Homo sapiens	-
alignment/AL_AAV2/member/ncbi-nuccore-aav/MK139287	MK139287	AAV2	La Bella et al	DependoA	Adeno-associated virus	CHC2141_AAV.FL.linear	Homo sapiens	-
alignment/AL_AAV2/member/ncbi-nuccore-aav/MK139288	MK139288	AAV2	La Bella et al	DependoA	Adeno-associated virus	CHC2206_AAV.FL.linear	Homo sapiens	-
alignment/AL_AAV2/member/ncbi-nuccore-aav/MK139289	MK139289	AAV2	La Bella et al	DependoA	Adeno-associated virus	CHC2208_AAV.FL.linear	Homo sapiens	-
alignment/AL_AAV2/member/ncbi-nuccore-aav/MK139291	MK139291	AAV2	La Bella et al	DependoA	Adeno-associated virus	CHC2497_AAV.FL.linear	Homo sapiens	-
alignment/AL_AAV2/member/ncbi-nuccore-aav/MK139292	MK139292	AAV2	La Bella et al	DependoA	Adeno-associated virus	CHC2557_AAV.FL.linear	Homo sapiens	-
alignment/AL_AAV2/member/ncbi-nuccore-aav/MK139293	MK139293	AAV2	La Bella et al	DependoA	Adeno-associated virus	CHC2731_AAV.FL.linear	Homo sapiens	-
alignment/AL_AAV2/member/ncbi-nuccore-aav/MK139294	MK139294	AAV2	La Bella et al	DependoA	Adeno-associated virus	CHC2806_AAV.FL.linear	Homo sapiens	-
alignment/AL_AAV2/member/ncbi-nuccore-aav/MK139295	MK139295	AAV2	La Bella et al	DependoA	Adeno-associated virus	CHC3013_AAV.FL.linear	Homo sapiens	-
alignment/AL_AAV2/member/ncbi-nuccore-aav/MK139298	MK139298	AAV2	La Bella et al	DependoA	Adeno-associated virus	CHC3511_AAV.FL.linear	Homo sapiens	-
alignment/AL_AAV2/member/ncbi-nuccore-aav/MK139299	MK139299	AAV2	La Bella et al	DependoA	Adeno-associated virus	CHC3765_AAV.FL.linear	Homo sapiens	-
alignment/AL_AAV2/member/ncbi-nuccore-aav/MK163931	MK163931	AAV2	La Bella et al	DependoA	Adeno-associated virus	CHC471_AAV.FL.circular	Homo sapiens	-
alignment/AL_AAV2/member/ncbi-nuccore-aav/MK163932	MK163932	AAV2	La Bella et al	DependoA	Adeno-associated virus	CHC473_AAV.FL.circular	Homo sapiens	-
alignment/AL_AAV2/member/ncbi-nuccore-aav/MK163935	MK163935	AAV2	La Bella et al	DependoA	Adeno-associated virus	CHC877_AAV.FL.circular	Homo sapiens	-
alignment/AL_AAV2/member/ncbi-nuccore-aav/MK163938	MK163938	AAV2	La Bella et al	DependoA	Adeno-associated virus	CHC1449_AAV.FL.circular	Homo sapiens	-
alignment/AL_AAV2/member/ncbi-nuccore-aav/MK163939	MK163939	AAV2	La Bella et al	DependoA	Adeno-associated virus	CHC3013_AAV.FL.circular	Homo sapiens	-
alignment/AL_AAV2/member/ncbi-nuccore-aav/MK163942	MK163942	AAV2	La Bella et al	DependoA	Adeno-associated virus	CHC3511_AAV.FL.circular	Homo sapiens	-
alignment/AL_AAV2/member/ncbi-nuccore-aav/MN765173	MN765173	AAV2	Tanzanian children	DependoA	Dependoparvovirus primate1	SAfia-230D	Homo sapiens	33929935
alignment/AL_AAV2/member/ncbi-nuccore-aav/MN765174	MN765174	AAV2	Tanzanian children	DependoA	Dependoparvovirus primate1	SAfia-278D	Homo sapiens	33929935
alignment/AL_AAV2/member/ncbi-nuccore-aav/MN765176	MN765176	AAV2	Tanzanian children	DependoA	Dependoparvovirus primate1	SAfia-578D	Homo sapiens	33929935
alignment/AL_AAV2/member/ncbi-nuccore-aav/MN765177	MN765177	AAV2	Tanzanian children	DependoA	Dependoparvovirus primate1	SAfia-634D	Homo sapiens	33929935
alignment/AL_AAV2/member/ncbi-nuccore-aav/MN765179	MN765179	AAV2	Tanzanian children	DependoA	Dependoparvovirus primate1	SAfia-849D	Homo sapiens	33929935
alignment/AL_AAV2/member/ncbi-nuccore-aav/MN765180	MN765180	AAV2	Tanzanian children	DependoA	Dependoparvovirus primate1	SAfia-839D	Homo sapiens	33929935
alignment/AL_AAV2/member/ncbi-nuccore-aav/MN765181	MN765181	AAV2	Tanzanian children	DependoA	Dependoparvovirus primate1	SAfia-446D	Homo sapiens	33929935
alignment/AL_AAV2/member/ncbi-nuccore-aav/MN765182	MN765182	AAV2	Tanzanian children	DependoA	Dependoparvovirus primate1	SAfia-263D	Homo sapiens	33929935
alignment/AL_AAV2/member/ncbi-nuccore-aav/MP372428	MP372428	AAV2	UNIV CHILE	DependoA	adeno-associated virus 2	-	-	-
alignment/AL_AAV2/member/ncbi-nuccore-aav/MT709009	MT709009	AAV2	Cabanes-Creus et al	DependoA	Adeno-associated virus	hu.Lvr02	Homo sapiens	32908003
alignment/AL_AAV2/member/ncbi-refseqs/NC_001401	NC_001401	AAV2	Cao et al	DependoA	adeno-associated virus 2	-	-	25127256
alignment/AL_AAV2/member/ncbi-nuccore-aav/OF078830	OF078830	AAV2	Oxford University Innovation Limited	DependoA	adeno-associated virus 2	-	-	-
alignment/AL_AAV2/member/ncbi-nuccore-aav/OF283677	OF283677	AAV2	VOYAGER	DependoA	adeno-associated virus 2	-	-	-
alignment/AL_AAV2/member/ncbi-nuccore-aav/OF485073	OF485073	AAV2	VOYAGER	DependoA	adeno-associated virus 2	-	-	-
alignment/AL_AAV2/member/ncbi-nuccore-aav/OF485074	OF485074	AAV2	VOYAGER	DependoA	adeno-associated virus 2	-	-	-
alignment/AL_AAV2/member/ncbi-nuccore-aav/OF485147	OF485147	AAV2	VOYAGER	DependoA	Adeno-associated virus	-	-	-
alignment/AL_AAV2/member/ncbi-nuccore-aav/OF485200	OF485200	AAV2	VOYAGER	DependoA	Adeno-associated virus	-	-	-
alignment/AL_AAV2/member/ncbi-nuccore-aav/OF485202	OF485202	AAV2	VOYAGER	DependoA	Adeno-associated virus	-	-	-
alignment/AL_AAV2/member/ncbi-nuccore-aav/OP019741	OP019741	AAV2	Ho et al	DependoA	adeno-associated virus 2	CVR_1	Homo sapiens	-
alignment/AL_AAV2/member/ncbi-nuccore-aav/OP019742	OP019742	AAV2	Ho et al	DependoA	adeno-associated virus 2	CVR_2	Homo sapiens	-
alignment/AL_AAV2/member/ncbi-nuccore-aav/OP019743	OP019743	AAV2	Ho et al	DependoA	adeno-associated virus 2	CVR_3	Homo sapiens	-
alignment/AL_AAV2/member/ncbi-nuccore-aav/OP019744	OP019744	AAV2	Ho et al	DependoA	adeno-associated virus 2	CVR_4	Homo sapiens	-
alignment/AL_AAV2/member/ncbi-nuccore-aav/OP019745	OP019745	AAV2	Ho et al	DependoA	adeno-associated virus 2	CVR_5	Homo sapiens	-
alignment/AL_AAV2/member/ncbi-nuccore-aav/OP019746	OP019746	AAV2	Ho et al	DependoA	adeno-associated virus 2	CVR_6	Homo sapiens	-
alignment/AL_AAV2/member/ncbi-nuccore-aav/OP019747	OP019747	AAV2	Ho et al	DependoA	adeno-associated virus 2	CVR_7	Homo sapiens	-
alignment/AL_AAV2/member/ncbi-nuccore-aav/OP019748	OP019748	AAV2	Ho et al	DependoA	adeno-associated virus 2	CVR_8	Homo sapiens	-
alignment/AL_AAV2/member/ncbi-nuccore-aav/OP019749	OP019749	AAV2	Ho et al	DependoA	adeno-associated virus 2	CVR_9	Homo sapiens	-
alignment/AL_AAV2/member/ncbi-nuccore-aav/OP161114	OP161114	AAV2	Morfopoulou et al	DependoA	adeno-associated virus 2	JBL1	Homo sapiens	36996872
alignment/AL_AAV2/member/ncbi-nuccore-aav/OP161115	OP161115	AAV2	Morfopoulou et al	DependoA	adeno-associated virus 2	JBL2	Homo sapiens	36996872
alignment/AL_AAV2/member/ncbi-nuccore-aav/OP161116	OP161116	AAV2	Morfopoulou et al	DependoA	adeno-associated virus 2	JBL3	Homo sapiens	36996872
alignment/AL_AAV2/member/ncbi-nuccore-aav/OP161117	OP161117	AAV2	Morfopoulou et al	DependoA	adeno-associated virus 2	JBL4	Homo sapiens	36996872
alignment/AL_AAV2/member/ncbi-nuccore-aav/OP161118	OP161118	AAV2	Morfopoulou et al	DependoA	adeno-associated virus 2	JBL5	Homo sapiens	36996872
alignment/AL_AAV2/member/ncbi-nuccore-aav/OP161119	OP161119	AAV2	Morfopoulou et al	DependoA	adeno-associated virus 2	JBB1	Homo sapiens	36996872
alignment/AL_AAV2/member/ncbi-nuccore-aav/OP161120	OP161120	AAV2	Morfopoulou et al	DependoA	adeno-associated virus 2	JBB2	Homo sapiens	36996872
alignment/AL_AAV2/member/ncbi-nuccore-aav/OP161121	OP161121	AAV2	Morfopoulou et al	DependoA	adeno-associated virus 2	JBB3	Homo sapiens	36996872
alignment/AL_AAV2/member/ncbi-nuccore-aav/OP161122	OP161122	AAV2	Morfopoulou et al	DependoA	adeno-associated virus 2	JBB5	Homo sapiens	36996872
alignment/AL_AAV2/member/ncbi-nuccore-aav/OP161123	OP161123	AAV2	Morfopoulou et al	DependoA	adeno-associated virus 2	JBB9	Homo sapiens	36996872
alignment/AL_AAV2/member/ncbi-nuccore-aav/OP161124	OP161124	AAV2	Morfopoulou et al	DependoA	adeno-associated virus 2	JBB11	Homo sapiens	36996872
alignment/AL_AAV2/member/ncbi-nuccore-aav/OP161125	OP161125	AAV2	Morfopoulou et al	DependoA	adeno-associated virus 2	JBB12	Homo sapiens	36996872
alignment/AL_AAV2/member/ncbi-nuccore-aav/OP161126	OP161126	AAV2	Morfopoulou et al	DependoA	adeno-associated virus 2	JBB13	Homo sapiens	36996872
alignment/AL_AAV2/member/ncbi-nuccore-aav/OP161127	OP161127	AAV2	Morfopoulou et al	DependoA	adeno-associated virus 2	JBB7	Homo sapiens	36996872
alignment/AL_AAV2/member/ncbi-nuccore-aav/OP161128	OP161128	AAV2	Morfopoulou et al	DependoA	adeno-associated virus 2	JBB8	Homo sapiens	36996872
alignment/AL_AAV2/member/ncbi-nuccore-aav/OP161129	OP161129	AAV2	Morfopoulou et al	DependoA	adeno-associated virus 2	CONB23	Homo sapiens	36996872
alignment/AL_AAV2/member/ncbi-nuccore-aav/OP161130	OP161130	AAV2	Morfopoulou et al	DependoA	adeno-associated virus 2	CONS3	Homo sapiens	36996872
alignment/AL_AAV2/member/ncbi-nuccore-aav/OP161131	OP161131	AAV2	Morfopoulou et al	DependoA	adeno-associated virus 2	CONS6	Homo sapiens	36996872
alignment/AL_AAV2/member/ncbi-nuccore-aav/OP161132	OP161132	AAV2	Morfopoulou et al	DependoA	adeno-associated virus 2	CONB36	Homo sapiens	36996872
alignment/AL_AAV2/member/ncbi-nuccore-aav/OP161133	OP161133	AAV2	Morfopoulou et al	DependoA	adeno-associated virus 2	CONB37	Homo sapiens	36996872
alignment/AL_AAV2/member/ncbi-nuccore-aav/OP161134	OP161134	AAV2	Morfopoulou et al	DependoA	adeno-associated virus 2	CONB39	Homo sapiens	36996872
alignment/AL_AAV2/member/ncbi-nuccore-aav/OQ130187	OQ130187	AAV2	Lamson et al	DependoA	Dependoparvovirus primate1	UNMC-p-AAV2-HAdVC108v	Homo sapiens	-
alignment/AL_AAV2/member/ncbi-nuccore-aav/OR119757	OR119757	AAV2	Leiden University	DependoA	adeno-associated virus 2	patient5	Homo sapiens	-
alignment/AL_AAV2/member/ncbi-nuccore-aav/OR129877	OR129877	AAV2	Leiden University	DependoA	adeno-associated virus 2	patient5 biopsy	Homo sapiens	-
alignment/AL_AAV2/member/ncbi-nuccore-aav/OR129878	OR129878	AAV2	Leiden University	DependoA	adeno-associated virus 2	patient2 plasma	Homo sapiens	-
alignment/AL_AAV2/member/ncbi-nuccore-aav/OR129879	OR129879	AAV2	Leiden University	DependoA	adeno-associated virus 2	patient2 biopsy	Homo sapiens	-
alignment/AL_AAV2/member/ncbi-nuccore-aav/PE100573	PE100573	AAV2	VOYAGER	DependoA	adeno-associated virus 2	-	-	-
alignment/AL_AAV2/member/ncbi-nuccore-aav/PE100574	PE100574	AAV2	VOYAGER	DependoA	adeno-associated virus 2	-	-	-
alignment/AL_AAV2/member/ncbi-nuccore-aav/PE100649	PE100649	AAV2	VOYAGER	DependoA	Adeno-associated virus	-	-	-
alignment/AL_AAV2/member/ncbi-nuccore-aav/PE100702	PE100702	AAV2	VOYAGER	DependoA	Adeno-associated virus	-	-	-
alignment/AL_AAV2/member/ncbi-nuccore-aav/PE100704	PE100704	AAV2	VOYAGER	DependoA	Adeno-associated virus	-	-	-
alignment/AL_AAV2/member/ncbi-nuccore-aav/PE468519	PE468519	AAV2	VOYAGER	DependoA	adeno-associated virus 2	-	-	-
alignment/AL_AAV2/member/ncbi-nuccore-aav/PE468520	PE468520	AAV2	VOYAGER	DependoA	adeno-associated virus 2	-	-	-
alignment/AL_AAV2/member/ncbi-nuccore-aav/PP621512	PP621512	AAV2	Yu et al	DependoA	adeno-associated virus 2	MI	Homo sapiens	-
alignment/AL_AAV3/member/ncbi-nuccore-aav/AF028705	AF028705	AAV3	-	DependoA	Adeno-associated virus 3B	-	-	9420229
alignment/AL_AAV3/member/ncbi-nuccore-aav/AX753253	AX753253	AAV3	-	DependoA	Adeno-associated virus - 3	-	-	-
alignment/AL_AAV3/member/ncbi-nuccore-aav/DI393762	DI393762	AAV3	-	DependoA	Adeno-associated virus - 3	-	-	-
alignment/AL_AAV3/member/ncbi-nuccore-aav/HW608044	HW608044	AAV3	-	DependoA	Adeno-associated virus - 3	-	-	-
alignment/AL_AAV3/member/ncbi-nuccore-aav/JB292182	JB292182	AAV3	-	DependoA	Adeno-associated virus 3A	-	-	-
alignment/AL_AAV3/member/ncbi-nuccore-aav/JB292183	JB292183	AAV3	-	DependoA	Adeno-associated virus 3B	-	-	-
alignment/AL_AAV3/member/ncbi-nuccore-aav/JC278189	JC278189	AAV3	-	DependoA	Adeno-associated virus - 3	-	-	-
alignment/AL_AAV3/member/ncbi-nuccore-aav/JC285044	JC285044	AAV3	-	DependoA	Adeno-associated virus - 3	-	-	-
alignment/AL_AAV3/member/ncbi-nuccore-aav/LQ870119	LQ870119	AAV3	-	DependoA	Adeno-associated virus - 3	-	-	-
alignment/AL_AAV3/member/ncbi-nuccore-aav/LQ870127	LQ870127	AAV3	-	DependoA	Adeno-associated virus 3B	-	-	-
alignment/AL_AAV3/member/ncbi-nuccore-aav/LX153638	LX153638	AAV3	-	DependoA	Adeno-associated virus - 3	-	-	-
alignment/AL_AAV3/member/ncbi-nuccore-aav/LY408690	LY408690	AAV3	-	DependoA	Adeno-associated virus - 3	-	-	-
alignment/AL_AAV3/member/ncbi-nuccore-aav/LY833195	LY833195	AAV3	-	DependoA	Adeno-associated virus 3B	-	-	-
alignment/AL_AAV3/member/ncbi-nuccore-aav/LZ233296	LZ233296	AAV3	-	DependoA	Adeno-associated virus - 3	-	-	-
alignment/AL_AAV3/member/ncbi-nuccore-aav/MB418489	MB418489	AAV3	-	DependoA	Adeno-associated virus - 3	-	-	-
alignment/AL_AAV3/member/ncbi-nuccore-aav/MB418491	MB418491	AAV3	-	DependoA	Adeno-associated virus 3B	-	-	-
alignment/AL_AAV3/member/ncbi-refseqs/NC_001729	NC_001729	AAV3	Muramatsu et al	DependoA	Adeno-associated virus - 3	-	-	8661429
alignment/AL_AAV3/member/ncbi-nuccore-aav/OF116275	OF116275	AAV3	-	DependoA	Adeno-associated virus - 3	-	-	-
alignment/AL_AAV3/member/ncbi-nuccore-aav/OF283688	OF283688	AAV3	-	DependoA	Adeno-associated virus 3B	-	-	-
alignment/AL_AAV3/member/ncbi-nuccore-aav/OF485083	OF485083	AAV3	-	DependoA	Adeno-associated virus - 3	-	-	-
alignment/AL_AAV3/member/ncbi-nuccore-aav/OF485085	OF485085	AAV3	-	DependoA	Adeno-associated virus 3B	-	-	-
alignment/AL_AAV3/member/ncbi-nuccore-aav/PA554131	PA554131	AAV3	-	DependoA	Adeno-associated virus - 3	-	-	-
alignment/AL_AAV3/member/ncbi-nuccore-aav/PE100583	PE100583	AAV3	-	DependoA	Adeno-associated virus - 3	-	-	-
alignment/AL_AAV3/member/ncbi-nuccore-aav/PE100585	PE100585	AAV3	-	DependoA	Adeno-associated virus 3B	-	-	-
alignment/AL_AAV3/member/ncbi-nuccore-aav/PE468529	PE468529	AAV3	-	DependoA	Adeno-associated virus - 3	-	-	-
alignment/AL_AAV3/member/ncbi-nuccore-aav/PE468531	PE468531	AAV3	-	DependoA	Adeno-associated virus - 3	-	-	-
alignment/AL_AAV3/member/ncbi-nuccore-aav/U48704	U48704	AAV3	-	DependoA	Adeno-associated virus - 3	-	-	8661429
alignment/AL_AAV4/member/ncbi-nuccore-aav/DI393763	DI393763	AAV4	-	DependoA	Adeno-associated virus - 4	-	-	-
alignment/AL_AAV4/member/ncbi-nuccore-aav/HW608045	HW608045	AAV4	-	DependoA	Adeno-associated virus - 4	-	-	-
alignment/AL_AAV4/member/ncbi-nuccore-aav/JB292184	JB292184	AAV4	-	DependoA	Adeno-associated virus - 4	-	-	-
alignment/AL_AAV4/member/ncbi-nuccore-aav/JC278190	JC278190	AAV4	-	DependoA	Adeno-associated virus - 4	-	-	-
alignment/AL_AAV4/member/ncbi-nuccore-aav/JC285045	JC285045	AAV4	-	DependoA	Adeno-associated virus - 4	-	-	-
alignment/AL_AAV4/member/ncbi-nuccore-aav/LQ870147	LQ870147	AAV4	VOYAGER	DependoA	Adeno-associated virus - 4	-	-	-
alignment/AL_AAV4/member/ncbi-nuccore-aav/LX153639	LX153639	AAV4	-	DependoA	Adeno-associated virus - 4	-	-	-
alignment/AL_AAV4/member/ncbi-nuccore-aav/LY408691	LY408691	AAV4	-	DependoA	Adeno-associated virus - 4	-	-	-
alignment/AL_AAV4/member/ncbi-nuccore-aav/LY833207	LY833207	AAV4	-	DependoA	Adeno-associated virus - 4	-	-	-
alignment/AL_AAV4/member/ncbi-nuccore-aav/LZ233297	LZ233297	AAV4	-	DependoA	Adeno-associated virus - 4	-	-	-
alignment/AL_AAV4/member/ncbi-nuccore-aav/MB418503	MB418503	AAV4	-	DependoA	Adeno-associated virus - 4	-	-	-
alignment/AL_AAV4/member/ncbi-refseqs/NC_001829	NC_001829	AAV4	Chiorini et  al	DependoA	Adeno-associated virus - 4	ATCC VR-646	-	9261407
alignment/AL_AAV4/member/ncbi-nuccore-aav/OF116276	OF116276	AAV4	-	DependoA	Adeno-associated virus - 4	-	-	-
alignment/AL_AAV4/member/ncbi-nuccore-aav/OF283700	OF283700	AAV4	VOYAGER	DependoA	Adeno-associated virus - 4	-	-	-
alignment/AL_AAV4/member/ncbi-nuccore-aav/OF485097	OF485097	AAV4	-	DependoA	Adeno-associated virus - 4	-	-	-
alignment/AL_AAV4/member/ncbi-nuccore-aav/PA554132	PA554132	AAV4	-	DependoA	Adeno-associated virus - 4	-	-	-
alignment/AL_AAV4/member/ncbi-nuccore-aav/PE100597	PE100597	AAV4	-	DependoA	Adeno-associated virus - 4	-	-	-
alignment/AL_AAV4/member/ncbi-nuccore-aav/PE468543	PE468543	AAV4	-	DependoA	Adeno-associated virus - 4	-	-	-
alignment/AL_AAV4/member/ncbi-nuccore-aav/U89790	U89790	AAV4	-	DependoA	Adeno-associated virus - 4	ATCC VR-646	-	9261407
alignment/AL_AAV6/member/ncbi-refseqs/AF028704	AF028704	AAV6	Rutledge et al	DependoA	Adeno-associated virus - 6	-	-	9420229
alignment/AL_AAV6/member/ncbi-nuccore-aav/FB292926	FB292926	AAV6	UNIVERSITY OF PENNSYLVANIA	DependoA	Adeno-associated virus - 6	-	-	-
alignment/AL_AAV6/member/ncbi-nuccore-aav/JB292186	JB292186	AAV6	UNIV NORTH CAROLINA	DependoA	Adeno-associated virus - 6	-	-	-
alignment/AL_AAV6/member/ncbi-nuccore-aav/LQ396105	LQ396105	AAV6	UNIV ARKANSAS 	DependoA	Adeno-associated virus - 6	-	-	-
alignment/AL_AAV6/member/ncbi-nuccore-aav/LQ870184	LQ870184	AAV6	VOYAGER	DependoA	Adeno-associated virus - 6	-	-	-
alignment/AL_AAV6/member/ncbi-nuccore-aav/LX153641	LX153641	AAV6	UNIQURE IP B.V	DependoA	Adeno-associated virus - 6	-	-	-
alignment/AL_AAV6/member/ncbi-nuccore-aav/LY408693	LY408693	AAV6	Lubelski et al	DependoA	Adeno-associated virus - 6	-	-	-
alignment/AL_AAV6/member/ncbi-nuccore-aav/LY833223	LY833223	AAV6	VOYAGER	DependoA	Adeno-associated virus - 6	-	-	-
alignment/AL_AAV6/member/ncbi-nuccore-aav/MB418521	MB418521	AAV6	VOYAGER	DependoA	Adeno-associated virus - 6	-	-	-
alignment/AL_AAV6/member/ncbi-nuccore-aav/MQ105706	MQ105706	AAV6	-	DependoA	Adeno-associated virus - 6	-	-	-
alignment/AL_AAV6/member/ncbi-nuccore-aav/OF283718	OF283718	AAV6	-	DependoA	Adeno-associated virus - 6	-	-	-
alignment/AL_AAV6/member/ncbi-nuccore-aav/OF485113	OF485113	AAV6	-	DependoA	Adeno-associated virus - 6	-	-	-
alignment/AL_AAV6/member/ncbi-nuccore-aav/PE100615	PE100615	AAV6	-	DependoA	Adeno-associated virus - 6	-	-	-
alignment/AL_AAV6/member/ncbi-nuccore-aav/PE468561	PE468561	AAV6	-	DependoA	Adeno-associated virus - 6	-	-	-
alignment/AL_AAV7/member/ncbi-nuccore-aav/AF513851	AF513851	AAV7	Alvira et al	DependoA	adeno-associated virus 7	-	Macaca mulatta	12192090
alignment/AL_AAV7/member/ncbi-nuccore-aav/AX753246	AX753246	AAV7	UNIVERSITY OF PENNSYLVANIA	DependoA	adeno-associated virus 7	-	-	-
alignment/AL_AAV7/member/ncbi-nuccore-aav/CQ972062	CQ972062	AAV7	UNIVERSITY OF PENNSYLVANIA	DependoA	Adeno-associated virus	-	-	-
alignment/AL_AAV7/member/ncbi-nuccore-aav/JA062753	JA062753	AAV7	UNIVERSITY OF PENNSYLVANIA	DependoA	Adeno-associated virus	-	-	-
alignment/AL_AAV7/member/ncbi-nuccore-aav/JA232004	JA232004	AAV7	UNIVERSITY OF PENNSYLVANIA	DependoA	Adeno-associated virus	-	-	-
alignment/AL_AAV7/member/ncbi-nuccore-aav/JA232240	JA232240	AAV7	UNIVERSITY OF PENNSYLVANIA	DependoA	Adeno-associated virus	-	-	-
alignment/AL_AAV7/member/ncbi-nuccore-aav/JA400290	JA400290	AAV7	UNIVERSITY OF PENNSYLVANIA	DependoA	Adeno-associated virus	-	-	-
alignment/AL_AAV7/member/ncbi-nuccore-aav/JB292187	JB292187	AAV7	UNIV NORTH CAROLINA	DependoA	adeno-associated virus 7	-	-	-
alignment/AL_AAV7/member/ncbi-nuccore-aav/LQ870194	LQ870194	AAV7	VOYAGER	DependoA	adeno-associated virus 7	-	-	-
alignment/AL_AAV7/member/ncbi-nuccore-aav/LX153642	LX153642	AAV7	UNIQURE IP B.V	DependoA	adeno-associated virus 7	-	-	-
alignment/AL_AAV7/member/ncbi-nuccore-aav/LY408694	LY408694	AAV7	UNIQURE IP B.V	DependoA	adeno-associated virus 7	-	-	-
alignment/AL_AAV7/member/ncbi-nuccore-aav/LY833226	LY833226	AAV7	VOYAGER	DependoA	adeno-associated virus 7	-	-	-
alignment/AL_AAV7/member/ncbi-nuccore-aav/MB418524	MB418524	AAV7	VOYAGER	DependoA	adeno-associated virus 7	-	-	-
alignment/AL_AAV7/member/ncbi-refseqs/NC_006260	NC_006260	AAV7	Gao et al	DependoA	adeno-associated virus 7	-	Macaca mulatta	12192090
alignment/AL_AAV7/member/ncbi-nuccore-aav/OF283721	OF283721	AAV7	VOYAGER	DependoA	adeno-associated virus 7	-	-	-
alignment/AL_AAV7/member/ncbi-nuccore-aav/OF485116	OF485116	AAV7	VOYAGER	DependoA	adeno-associated virus 7	-	-	-
alignment/AL_AAV7/member/ncbi-nuccore-aav/ON755357	ON755357	AAV7	Nambiar et al	DependoA	Adeno-associated virus	AAVrh94_FL	Macaca mulatta	35906801
alignment/AL_AAV7/member/ncbi-nuccore-aav/ON755359	ON755359	AAV7	Nambiar et al	DependoA	Adeno-associated virus	AAVrh95.R1_FL	Macaca mulatta	35906801
alignment/AL_AAV7/member/ncbi-nuccore-aav/ON755360	ON755360	AAV7	Nambiar et al	DependoA	Adeno-associated virus	AAVrh95_FL	Macaca mulatta	35906801
alignment/AL_AAV7/member/ncbi-nuccore-aav/PE100618	PE100618	AAV7	VOYAGER	DependoA	adeno-associated virus 7	-	-	-
alignment/AL_AAV7/member/ncbi-nuccore-aav/PE468564	PE468564	AAV7	VOYAGER	DependoA	adeno-associated virus 7	-	-	-
alignment/AL_AAV8/member/ncbi-nuccore-aav/AF513852	AF513852	AAV8	-	DependoA	adeno-associated virus 8	-	Macaca mulatta	12192090
alignment/AL_AAV8/member/ncbi-nuccore-aav/AX753249	AX753249	AAV8	-	DependoA	adeno-associated virus 8	-	-	-
alignment/AL_AAV8/member/ncbi-nuccore-aav/CQ972063	CQ972063	AAV8	-	DependoA	Adeno-associated virus	-	-	-
alignment/AL_AAV8/member/ncbi-nuccore-aav/HW917029	HW917029	AAV8	-	DependoA	adeno-associated virus 8	-	-	-
alignment/AL_AAV8/member/ncbi-nuccore-aav/JA062755	JA062755	AAV8	-	DependoA	Adeno-associated virus	-	-	-
alignment/AL_AAV8/member/ncbi-nuccore-aav/JA232006	JA232006	AAV8	-	DependoA	Adeno-associated virus	-	-	-
alignment/AL_AAV8/member/ncbi-nuccore-aav/JA232242	JA232242	AAV8	-	DependoA	Adeno-associated virus	-	-	-
alignment/AL_AAV8/member/ncbi-nuccore-aav/JA400292	JA400292	AAV8	-	DependoA	Adeno-associated virus	-	-	-
alignment/AL_AAV8/member/ncbi-nuccore-aav/JA431384	JA431384	AAV8	-	DependoA	adeno-associated virus 8	-	-	-
alignment/AL_AAV8/member/ncbi-nuccore-aav/JB292188	JB292188	AAV8	-	DependoA	adeno-associated virus 8	-	-	-
alignment/AL_AAV8/member/ncbi-nuccore-aav/LQ870090	LQ870090	AAV8	-	DependoA	Adeno-associated virus	-	-	-
alignment/AL_AAV8/member/ncbi-nuccore-aav/LQ870199	LQ870199	AAV8	-	DependoA	adeno-associated virus 8	-	-	-
alignment/AL_AAV8/member/ncbi-nuccore-aav/LX153643	LX153643	AAV8	-	DependoA	adeno-associated virus 8	-	-	-
alignment/AL_AAV8/member/ncbi-nuccore-aav/LY408695	LY408695	AAV8	-	DependoA	adeno-associated virus 8	-	-	-
alignment/AL_AAV8/member/ncbi-nuccore-aav/LY833230	LY833230	AAV8	-	DependoA	adeno-associated virus 8	-	-	-
alignment/AL_AAV8/member/ncbi-nuccore-aav/MB418474	MB418474	AAV8	-	DependoA	Adeno-associated virus	-	-	-
alignment/AL_AAV8/member/ncbi-nuccore-aav/MB418528	MB418528	AAV8	-	DependoA	adeno-associated virus 8	-	-	-
alignment/AL_AAV8/member/ncbi-nuccore-aav/MP406981	MP406981	AAV8	-	DependoA	adeno-associated virus 8	-	-	-
alignment/AL_AAV8/member/ncbi-nuccore-aav/MQ105707	MQ105707	AAV8	-	DependoA	adeno-associated virus 8	-	-	-
alignment/AL_AAV8/member/ncbi-refseqs/NC_006261	NC_006261	AAV8	Gao et al	DependoA	adeno-associated virus 8	-	Macaca mulatta	12192090
alignment/AL_AAV8/member/ncbi-nuccore-aav/OF283725	OF283725	AAV8	-	DependoA	adeno-associated virus 8	-	-	-
alignment/AL_AAV8/member/ncbi-nuccore-aav/OF485068	OF485068	AAV8	-	DependoA	Adeno-associated virus	-	-	-
alignment/AL_AAV8/member/ncbi-nuccore-aav/OF485120	OF485120	AAV8	-	DependoA	adeno-associated virus 8	-	-	-
alignment/AL_AAV8/member/ncbi-nuccore-aav/PE100568	PE100568	AAV8	-	DependoA	Adeno-associated virus	-	-	-
alignment/AL_AAV8/member/ncbi-nuccore-aav/PE100622	PE100622	AAV8	-	DependoA	adeno-associated virus 8	-	-	-
alignment/AL_AAV8/member/ncbi-nuccore-aav/PE468568	PE468568	AAV8	-	DependoA	adeno-associated virus 8	-	-	-
alignment/AL_AAV9/member/ncbi-refseqs/AX753250	AX753250	AAV9	UNIVERSITY OF PENNSYLVANIA	DependoA	Adeno-associated virus 9	-	-	-
alignment/AL_AAV9/member/ncbi-nuccore-aav/JB292189	JB292189	AAV9	-	DependoA	Adeno-associated virus 9	-	-	-
alignment/AL_AAV9/member/ncbi-nuccore-aav/LQ870207	LQ870207	AAV9	-	DependoA	Adeno-associated virus 9	-	-	-
alignment/AL_AAV9/member/ncbi-nuccore-aav/LQ870208	LQ870208	AAV9	-	DependoA	Adeno-associated virus 9	-	-	-
alignment/AL_AAV9/member/ncbi-nuccore-aav/LX153644	LX153644	AAV9	-	DependoA	Adeno-associated virus 9	-	-	-
alignment/AL_AAV9/member/ncbi-nuccore-aav/LX153677	LX153677	AAV9	-	DependoA	Adeno-associated virus 9	-	-	-
alignment/AL_AAV9/member/ncbi-nuccore-aav/LY408696	LY408696	AAV9	-	DependoA	Adeno-associated virus 9	-	-	-
alignment/AL_AAV9/member/ncbi-nuccore-aav/LY408729	LY408729	AAV9	-	DependoA	Adeno-associated virus 9	-	-	-
alignment/AL_AAV9/member/ncbi-nuccore-aav/LY833234	LY833234	AAV9	-	DependoA	Adeno-associated virus 9	-	-	-
alignment/AL_AAV9/member/ncbi-nuccore-aav/LY833235	LY833235	AAV9	-	DependoA	Adeno-associated virus 9	-	-	-
alignment/AL_AAV9/member/ncbi-nuccore-aav/MB418532	MB418532	AAV9	-	DependoA	Adeno-associated virus 9	-	-	-
alignment/AL_AAV9/member/ncbi-nuccore-aav/MB418533	MB418533	AAV9	-	DependoA	Adeno-associated virus 9	-	-	-
alignment/AL_AAV9/member/ncbi-nuccore-aav/OF283729	OF283729	AAV9	-	DependoA	Adeno-associated virus 9	-	-	-
alignment/AL_AAV9/member/ncbi-nuccore-aav/OF283730	OF283730	AAV9	-	DependoA	Adeno-associated virus 9	-	-	-
alignment/AL_AAV9/member/ncbi-nuccore-aav/OF485124	OF485124	AAV9	-	DependoA	Adeno-associated virus 9	-	-	-
alignment/AL_AAV9/member/ncbi-nuccore-aav/OF485125	OF485125	AAV9	-	DependoA	Adeno-associated virus 9	-	-	-
alignment/AL_AAV9/member/ncbi-nuccore-aav/PE100626	PE100626	AAV9	-	DependoA	Adeno-associated virus 9	-	-	-
alignment/AL_AAV9/member/ncbi-nuccore-aav/PE100627	PE100627	AAV9	-	DependoA	Adeno-associated virus 9	-	-	-
alignment/AL_AAV9/member/ncbi-nuccore-aav/PE468572	PE468572	AAV9	-	DependoA	Adeno-associated virus 9	-	-	-
alignment/AL_AAV9/member/ncbi-nuccore-aav/PE468573	PE468573	AAV9	-	DependoA	Adeno-associated virus 9	-	-	-
